PID,TurnaroundTime,WaitingTime,ResponseTime,IO Time
3,93.0231,77.8269,12.3407,3.01725
5,153.397,131.065,23.3365,7.02968
1,168.593,129.444,0.528579,9.04589
4,185.128,148.028,17.5705,10.0623
6,199.976,149.755,24.4399,21.0394
2,202.078,145.257,6.54204,22.0733
