PID,TurnaroundTime,WaitingTime,ResponseTime,IO Time
3,149.441,127.599,1.4837,3.01766
5,165.573,145.029,2.54924,7.04944
4,173.606,155.544,2.01641,10.0468
1,195.191,163.376,0.367143,9.0483
2,205.072,189.085,0.884225,22.0798
6,209.687,189.457,3.08247,21.0317
