PID,TurnaroundTime,WaitingTime,ResponseTime,IO Time
2,197.93,193.103,0.426468,0.432601
3,234.411,232.73,2.77458,0.065121
4,334.906,323.292,4.00787,0.565188
6,385.554,380.824,7.95712,0.331078
7,402.152,397.753,8.22313,0.049856
8,495.263,488.816,11.1401,0.798408
